name,token,protocol_tvl,pool_tvl,network,address
"Staked EURA","EURA","4105228","4105228","mainnet","0x004626A008B1aCdC4c74ab51644093b155e59A23"
"Aave v3 DAI","DAI","164775989","164775989","mainnet","0x018008bfb33d285247A21d44E50697654f754e63"
"Aave v2 DAI","DAI","23160096","23160096","mainnet","0x028171bCA77440897B824Ca71D1c56caC55b68A3"
"DAI-1 yVault","DAI","2953755","2953755","mainnet","0x028eC7330ff87667b6dfb0D94b954c820195336c"
"Aave v2 WETH","WETH","156696628","156696628","mainnet","0x030bA81f1c18d280636F32af80b9AAd02Cf0854e"
"Compound v2 USDP","USDP","221206","221206","mainnet","0x041171993284df560249B57358F931D9eB7b925D"
"Gearbox ETH v3","WETH","715345","715345","arbitrum","0x04419d3509f13054f60d253E0c79491d9E683399"
"Yearn yPT-weETH Yearn Auto-Rolling Pendle PT","weETH","260892","260892","arbitrum","0x044E75fCbF7BD3f8f4577FF317554e9c0037F145"
"mkUSD yVault-A","mkUSD","99124","99124","mainnet","0x04AeBe2e4301CdF5E9c57B01eBdfe4Ac4B48DD13"
"Convex Curve Lending USDe/crvUSD","crvUSD","1448635","1448635","mainnet","0x04f08cAA46a9ADD56dd639709e124aC6F5046f0d"
"Sturdy crvUSD Compounder","crvUSD","257773","257773","mainnet","0x05329AAb081B125eEF7FbbC8b857428D478E692B"
"Euler Prime cbBTC","cbBTC","7554810","7554810","mainnet","0x056f3a2E41d2778D3a0c0714439c53af2987718E"
"Ajna Pool MKR/DAI","DAI","13338","13338","mainnet","0x0598c1FeDa47535FF5248E2Bd08703ACE4E740C4"
"Gearbox USDT v3","USDT","6543220","6543220","mainnet","0x05A811275fE9b4DE503B3311F51edF6A856D936e"
"Stakin - 0% Fee StakeWise V3","ETH","1130313","1130313","mainnet","0x05E393ec11D0197a88D84457908EDD4FF235f323"
"Sturdy PxETH/yearn curve StETH-PxETH LP silo","pxETH","2099976","2099976","mainnet","0x0669091F451142b3228171aE6aD794cF98288124"
"Big Euler's e-Stake StakeWise V3","ETH","114559","114559","mainnet","0x06Ec2d731b2fa8895E5a9482C22eE33573f44A13"
"yearn-V3-Stargate-DAI","DAI","7381","7381","polygon","0x06eD7C67755344548FAFe1822bEE365C4208a57F"
"Aave v3 WBTC","WBTC","40226016","40226016","optimism","0x078f358208685046a11C85e8ad32895DED33A249"
"Aave v3 WBTC","WBTC","296824111","296824111","arbitrum","0x078f358208685046a11C85e8ad32895DED33A249"
"Aave v3 WBTC","WBTC","139387660","139387660","polygon","0x078f358208685046a11C85e8ad32895DED33A249"
"EVK Vault eUSDS-3","USDS","243158","243158","mainnet","0x07F9A54Dc5135B9878d6745E267625BF0E206840"
"validator service StakeWise V3","ETH","994614","994614","mainnet","0x089A97A8bC0C0F016f89F9CF42181Ff06afB2Daf"
"Ether.Fi Liquid USD","USDC","28445954","28445954","mainnet","0x08c6F91e2B681FaF5e17227F2a44C307b3C1364C"
"Notional Prime DAI","DAI","39176","39176","arbitrum","0x0Ace2DC3995aCD739aE5e0599E71A5524b93b886"
"Aave v3 pyUSD","PYUSD","11219440","11219440","mainnet","0x0C0d01AbF3e6aDfcA0989eBbA9d6e85dD58EaB1E"
"Yearn yPT-ezETH Yearn Auto-Rolling Pendle PT","ezETH","28572","28572","arbitrum","0x0F2ae7531A83982F15ff1D26B165E2bF3D7566da"
"Relend USDC","USDC","22128638","22128638","mainnet","0x0F359FD18BDa75e9c49bC027E7da59a4b01BF32a"
"Pyth USDC","USDC","729696","729696","base","0x0FaBfEAcedf47e890c50C8120177fff69C6a1d9B"
"Aave v3 USDbC","USDbC","1217859","1217859","base","0x0a1d576f3eFeF75b330424287a95A366e8281D54"
"Illus Capital StakeWise V3","ETH","437965","437965","mainnet","0x0aF0a2671Bb19D4be5D6c6899EC712341E472D4B"
"Sturdy GHO/yearn curve GHO-crvUSD LP silo","GHO","13013","13013","mainnet","0x0b8C80fd9CaC5570Ff829416f0aFCE7aF6F3C6f8"
"Hop ETH","WETH","1951044","1951044","base","0x0ce6c85cF43553DE10FC56cecA0aef6Ff0DD444d"
"USDT CompoundV3 Lender","USDT","293352","293352","polygon","0x0fEFEe13864c431717f5B2678607b6ce532a170C"
"Aave v2 TUSD","TUSD","476679","476679","mainnet","0x101cc05f4A51C0319f570d5E146a8C625198e636"
"Hop USDC.e","USDC","220417","220417","arbitrum","0x10541b07d8Ad2647Dc6cD67abd4c03575dade261"
"Stargate USDC","USDC","6880030","6880030","polygon","0x1205f31718499dBf1fCa446663B532Ef87481fe1"
"Compound v2 TUSD","TUSD","223356","223356","mainnet","0x12392F67bdf24faE0AF363c24aC620a2f67DAd86"
"Gauntlet USDA Core","USDA","264110","264110","mainnet","0x125D41A6e5dbf455cD9Df8F80BCC6fd172D52Cc6"
"MEV Capital Elixir USDC","USDC","1137307","1137307","mainnet","0x1265a81d42d513Df40d0031f8f2e1346954d665a"
"Re7 USDC","USDC","5181994","5181994","base","0x12AFDeFb2237a5963e7BAb3e2D46ad0eee70406e"
"Yearn v3 Aave v3 WMATIC","WMATIC","134319","134319","polygon","0x12c3Ad898e8eB1C0ec0Bb74f9748F36C46593F68"
"Seamless USDbC","USDbC","250076","250076","base","0x13A13869B814Be8F13B86e9875aB51bda882E391"
"ajna-yfi-dai3","DAI","56981","56981","mainnet","0x18164fAF05393a08Fdfb23762A922dD670D3bBAE"
"Yearn USDS","USDS","5890881","5890881","mainnet","0x182863131F9a4630fF9E27830d945B1413e347E8"
"Flagship USDC","USDC","182890","182890","mainnet","0x186514400e52270cef3D80e1c6F8d10A75d47344"
"Hop USDT","USDT","287455","287455","arbitrum","0x18f7402B673Ba6Fb5EA4B95768aABb8aaD7ef18a"
"EVK Vault ewstETH-6","wstETH","1069","1069","mainnet","0x1926f5Bb9ed68BA83255fB219828a90Bd9F40771"
"Fluid EURC","EURC","1851920","1851920","base","0x1943FA26360f038230442525Cf1B9125b5DCB401"
"Maker DSR (sDAI)","DAI","1017987272","1017987272","mainnet","0x197E90f9FAD81970bA7976f33CbD77088E5D7cf7"
"EVK Vault eEURC-1","EURC","127442","127442","mainnet","0x1987c2DCf5674Cf90bEceBAd502714c357ce126a"
"Fluid USD Coin","USDC","7867743","7867743","arbitrum","0x1A996cb54bb95462040408C06122D45D6Cdb6096"
"Ondo OUSG","USDC","151581335","151581335","mainnet","0x1B19C19393e2d034D8Ff31ff34c81252FcBbee92"
"Allnodes StakeWise V3","ETH","793118","793118","mainnet","0x1B3CE55dDE0e0D4b9A200855406e7b14334C10B0"
"Gauntlet AUSD Core","AUSD","1038783","1038783","mainnet","0x1B4cd53a1A8e5F50aB6320EF34E5fB4D3df7B6f6"
"yPT-rswETH-L2 (auto-rolling Pendle PT)","rswETH","5106","5106","mainnet","0x1D06Ce81d7c4a42e60040C5664595fB6B87D86b5"
"Yearn yPT-rsETH Yearn Auto-Rolling Pendle PT","rsETH","268856","268856","arbitrum","0x1Dd930ADD968ff5913C3627dAA1e6e6FCC9dc544"
"Ajna Pool apxETH/WETH","WETH","34132","34132","mainnet","0x1EeA11C09eB446261739bBd1315992C3632960DF"
"Aave v2 USDC","USDC","4681606","4681606","polygon","0x1a13F4Ca1d028320A707D99520AbFefca3998b7F"
"stkGHO","GHO","103217315","103217315","mainnet","0x1a88Df1cFe15Af22B3c4c783D4e6F7F9e0C1885d"
"Ajna Pool mwstETH-WPUNKS:20/wstETH","wstETH","154965","154965","mainnet","0x1b3cA2A7B12859FE34CefD7072D770fB6a1e7679"
"Yearn USDC.e CompoundV3 Lender","USDC","6858","6858","arbitrum","0x1bd173F9a1186A1AbE680071E0F57d4D83c18430"
"Gauntlet EURC Core","EURC","272221","272221","base","0x1c155be6bC51F2c37d472d4C2Eba7a637806e122"
"MEV Capital WBTC","WBTC","8007115","8007115","mainnet","0x1c530D6de70c05A81bF1670157b9d928e9699089"
"EVK Vault esUSDS-3","sUSDS","2352696","2352696","mainnet","0x1e548CfcE5FCF17247E024eF06d32A01841fF404"
"Convex Curve Lending tBTC/crvUSD","crvUSD","471762","471762","mainnet","0x1eA38C04A6b2AcAe0690e603cf9Da15bCEe84aF7"
"Spark DAI Lender","DAI","106133","106133","mainnet","0x1fd862499e9b9402DE6c599b6C391f83981180Ab"
"Notional Prime FRAX","FRAX","24406","24406","arbitrum","0x1fd865a55eaf5333e6374Fb3Ad66D22e9885d3Aa"
"Sturdy crvUSD/yean curve mkUSD-crvUSD LP silo","crvUSD","33982","33982","mainnet","0x200723063111f9f8f1d44c0F30afAdf0C0b1a04b"
"USDT CompoundV3 Lender","USDT","652901","652901","mainnet","0x206db0A0Af10Bec57784045e089A418771D20227"
"USD+","USDC","135246","135246","polygon","0x236eeC6359fb44CCe8f97E99387aa7F8cd5cdE1f"
"Gauntlet WETH Prime","WETH","190256055","190256055","mainnet","0x2371e134e3455e0593363cBF89d3b6cf53740618"
"Aave v3 USDT","USDT","3044380084","3044380084","mainnet","0x23878914EFE38d27C4D67Ab83ed1b93A74D4086a"
"Compound V3 WETH Lender","WETH","4557","4557","mainnet","0x23eE3D14F09946A084350CC6A7153fc6eb918817"
"Fluid Wrapped liquid staked Ether 2.0","wstETH","13228362","13228362","mainnet","0x2411802D8BEA09be0aF8fD8D08314a63e706b29C"
"mevETH","WETH","340846","340846","mainnet","0x24Ae2dA0f361AA4BE46b48EB19C91e02c5e4f27E"
"Coinflakes Vault v2.0","DAI","172218","172218","mainnet","0x254bd33E2f62713F893F0842C99E68f855cDa315"
"Seamless ILM 3x Loop wstETH/ETH","wstETH","333652","333652","base","0x258730e23cF2f25887Cb962d32Bd10b878ea8a4e"
"EVK Vault eLINK-1","LINK","1451","1451","mainnet","0x25C538cc5c5B4cDdf9a9A656f90d2d8129E841B2"
"Prime Coinbase Wrapped Staked ETH","cbETH","1824","1824","mainnet","0x265329C8F15671d7cA501710e3bD0E6CB257948F"
"Hop ETH","WETH","1180724","1180724","polygon","0x266e2dc3C4c59E42AA07afeE5B09E964cFFe6778"
"Sturdy crvUSD/yean curve USDT-crvUSD LP silo","crvUSD","458566","458566","mainnet","0x26fe402A57D52c8a323bb6e09f06489C8216aC88"
"Aave v2 DAI","DAI","5535383","5535383","polygon","0x27F8D03b3a2196956ED754baDc28D73be8830A6e"
"Aave v2 WETH","WETH","23446836","23446836","polygon","0x28424507fefb6f7f8E9D3860F56504E4e5f5f390"
"Yearn v3 WMATIC-A","WMATIC","85758","85758","polygon","0x28F53bA70E5c8ce8D03b1FaD41E9dF11Bb646c36"
"EVK Vault eUSDS-4","USDS","1047","1047","mainnet","0x28c6F8D44179ac93a5EBAe24189d887eeEF38cea"
"Stargate ETH","ETH","2886465","2886465","base","0x28fc411f9e1c480AD312b3d9C60c22b965015c6B"
"Ajna Pool VERSE/USDC","USDC","1000","1000","mainnet","0x29314616D272d8bF288CAAc34316DC79516E6Bd5"
"Prime Arbitrum tBTC v2","tBTC","12559","12559","arbitrum","0x2935f6cFBb8e8846862A813936bc515A44495385"
"EVK Vault ecbBTC-4","cbBTC","1093396","1093396","mainnet","0x29A9E5A004002Ff9E960bb8BB536E076F53cbDF1"
"Stargate USDT","USDT","3186100","3186100","polygon","0x29e38769f23701A2e4A8Ef0492e19dA4604Be62c"
"StakeWise osETH","ETH","154251384","154251384","mainnet","0x2A261e60FB14586B474C208b1B7AC6D0f5000306"
"Flagship USDT","USDT","4206778","4206778","mainnet","0x2C25f6C25770fFEC5959D34B94Bf898865e5D6b1"
"Sommelier aggregator","WETH","1033","1033","mainnet","0x2Ca52C78d7932e285f2eA5928Fb7251baEC3f166"
"Ajna Pool USDC/WETH","WETH","8017","8017","mainnet","0x2Ceb74Bb7a92D652C850C16F48547aa49F8bca31"
"yPT-ENA (auto-rolling Pendle PT)","ENA","62688","62688","mainnet","0x2F2BBc50DB252eeADD2c9B9197beb6e5Aef87e48"
"Seamless ILM 1.5x Loop ETH/USDC","WETH","371032","371032","base","0x2FB1bEa0a63F77eFa77619B903B2830b52eE78f4"
"Cryptoknight Vault StakeWise V3","ETH","125661","125661","mainnet","0x2a14B47E551288F3F5e35842970cc2bc78Ceb47d"
"Yearn v3 CompV3 WMATIC","WMATIC","71500","71500","polygon","0x2a42A69F48EfffDF2d4Fb079Af60D98D3e34D49C"
"Seamless cbETH","cbETH","851892","851892","base","0x2c159A183d9056E29649Ce7E56E59cA833D32624"
"Convex Curve Lending sFRAX/crvUSD","crvUSD","233194","233194","mainnet","0x2c2de79df4bb810497943328f7288375d6344800"
"VincentTaglia.eth StakeWise V3","ETH","216707","216707","mainnet","0x2ca762ed936e48c23B8a32403dD754020b07E86f"
"Convex Curve Lending sDOLA/crvUSD","crvUSD","2396323","2396323","mainnet","0x2d777290Ab033DEAEc3cd95526eD45C626245F80"
"Compound v3 USDC","USDC","6785366","6785366","optimism","0x2e44e174f7D53F0212823acC11C01A11d58c5bCB"
"Yearn-Silo USDC.e Vault","USDC","1500","1500","arbitrum","0x2e48847FE29C3883c98125Cb2C44244d6602d549"
"Aave v2 USDP","USDP","180819","180819","mainnet","0x2e8F4bdbE3d47d7d7DE490437AeA9915D930F1A3"
"Pendle WBTC","WBTC","9085645","9085645","mainnet","0x2f1aBb81ed86Be95bcf8178bA62C8e72D6834775"
"Ajna Pool AJNA/DAI","DAI","10980","10980","mainnet","0x2fEeF99A711D684E00a017C4AC587bea31F12875"
"Swiss Liquid Staking StakeWise V3","ETH","162343","162343","mainnet","0x302be829c61C287787030888bBCF11115ECd5773"
"Ajna Pool st-yETH/DAI","DAI","5569","5569","mainnet","0x304375E4890146DC575B894b35a42608FaB823a8"
"Yearn v3 WETH-A","WETH","117483","117483","polygon","0x305F25377d0a39091e99B975558b1bdfC3975654"
"Morpho MAI","MAI","143346","143346","base","0x30B8A2c8E7Fa41e77b54b8FaF45c610e7aD909E3"
"Simply Staking: Premium StakeWise V3","ETH","115723","115723","mainnet","0x30c13E93C170885e9969Ae2E4fF5f020807E0d74"
"BRAZILPRACIMA StakeWise V3","ETH","216264","216264","mainnet","0x3102B4013cB506481e959c8F4500B994D2bFF22e"
"USDT-1 yVault","USDT","6490686","6490686","mainnet","0x310B7Ea7475A0B449Cfd73bE81522F1B88eFAFaa"
"EVK Vault eUSDT-2","USDT","337513","337513","mainnet","0x313603FA690301b0CaeEf8069c065862f9162162"
"Fraxlend FRAX (WBTC collateral)","FRAX","2620812","2620812","mainnet","0x32467a5fc2d72D21E8DCe990906547A2b012f382"
"Yearn yPT-USDe Yearn Auto-Rolling Pendle PT","USDe","110747","110747","arbitrum","0x34a2b066AF16409648eF15d239E656edB8790ca0"
"USDC-1 yVault","USDC","424243","424243","polygon","0x34b9421Fe3d52191B64bC32ec1aB764dcBcDbF5e"
"Ajna Pool sUSDe/DAI","DAI","177218","177218","mainnet","0x34bC3D3d274A355f3404c5dEe2a96335540234de"
"rSWELL","SWELL","6593578","6593578","mainnet","0x358d94b5b2F147D741088803d932Acb566acB7B6"
"ether.fi eETH","ETH","7400948778","7400948778","mainnet","0x35fA164735182de50811E8e2E824cFb9B6118ac2"
"A41 StakeWise V3","ETH","110715","110715","mainnet","0x366e7f2e3462e31001560875B9877a0714e90d9c"
"Spark USDC","USDC","1330813","1330813","mainnet","0x377C3bd93f2a2984E1E7bE6A5C22c525eD4A4815"
"Yearn v2 LUSD","LUSD","27080","27080","mainnet","0x378cb52b00F9D0921cb46dFc099CFf73b42419dC"
"Seamless DAI","DAI","35612","35612","base","0x37eF72fAC21904EDd7e69f7c7AC98172849efF8e"
"USDe-2 yVault","USDe","1798","1798","mainnet","0x381E0BE61b3AEB1F321C4775046e6F57BC84c804"
"Flagship ETH","WETH","7612397","7612397","mainnet","0x38989BBA00BDF8181F4082995b3DEAe96163aC5D"
"Aave v3 USDC","USDC","38916547","38916547","optimism","0x38d693cE1dF5AaDF7bC62595A37D667aD57922e5"
"Arcadia WETH","WETH","2958747","2958747","base","0x393893caeB06B5C16728bb1E354b6c36942b1382"
"Notional Prime rETH","rETH","15999","15999","mainnet","0x39A1f8e5D2422CCc5e08c5B4019Ab70147f5cC95"
"Compound v2 USDC","USDC","36388101","36388101","mainnet","0x39AA39c021dfbaE8faC545936693aC917d5E7563"
"AaveV3 ARB Lender","ARB","5711","5711","arbitrum","0x39Ce72aCE7722fe38A4AfF02bfbe7789B58c6905"
"EVK Vault eUSR-1","USR","16741604","16741604","mainnet","0x3A8992754E2EF51D8F90620d2766278af5C59b90"
"Compound v3 USDT","USDT","121492897","121492897","mainnet","0x3Afdc9BCA9213A35503b077a6072F3D0d5AB0840"
"Yearn v2 USDT","USDT","6345364","6345364","mainnet","0x3B27F92C0e212C671EA351827EDF93DB27cc0c65"
"Ajna Pool wstETH/WETH","WETH","57248","57248","mainnet","0x3BA6A019eD5541b5F5555d8593080042Cf3ae5f4"
"Ajna Pool WBTC/USDC","USDC","26255","26255","mainnet","0x3BB7C1E268A51b2D933C0490e282e20b906f8652"
"Compound v3 wstETH","wstETH","23658335","23658335","mainnet","0x3D0bb1ccaB520A66e607822fC55BC921738fAFE3"
"Aave v2 USDT","USDT","69143480","69143480","mainnet","0x3Ed3B47Dd13EC9a98b44e6204A523E766B225811"
"Meria - 100% MEV Free StakeWise V3","ETH","76688","76688","mainnet","0x3F2f7424074bac9337DDCA38E83e1518436e0ED0"
"AaveV3 USDT Lender","USDT","911785","911785","polygon","0x3bd8C987286D8Ad00c05fdb2Ae3E8C9a0f054734"
"Moonwell cbETH","cbETH","20555200","20555200","base","0x3bf93770f2d4a794c3d9EBEfBAeBAE2a8f09A5E5"
"Hop USDC","USDC","317828","317828","optimism","0x3c0FFAca566fCcfD9Cc95139FEF6CBA143795963"
"EVK Vault eUSDC-11","USDC","1993","1993","mainnet","0x41722452C0348501825C494ec6C1579e9c32D277"
"Gearbox ETH v3","WETH","7218695","7218695","optimism","0x42dB77B3103c71059F4b997d6441cFB299FD0d94"
"EVK Vault eUSDC-10","USDC","1004","1004","mainnet","0x430eb890CFf3B68A6146943c27689e81113FA1df"
"Yearn-Ajna Pool apxETH/WETH Vault","WETH","87715","87715","mainnet","0x437D41B2EBEF15a91618f4Bf010Fa4751bb48Be6"
"WETH-Ajna Router","WETH","22635","22635","mainnet","0x43CCaD774B20de2cf920531529a7b7cc5a23F887"
"Metronome msETH Vault","msETH","4915365","4915365","base","0x43Cd00De63485618A5CEEBE0de364cD6cBeB26E7"
"Dream vault StakeWise V3","ETH","9496850","9496850","mainnet","0x4425Bb38D4CA95e522F9308175eC7D8188E8284e"
"Gauntlet WBTC Core","WBTC","38096970","38096970","mainnet","0x443df5eEE3196e9b2Dd77CaBd3eA76C3dee8f9b2"
"Fluid Wrapped Ether","WETH","518377","518377","arbitrum","0x45Df0656F8aDf017590009d2f1898eeca4F0a205"
"Compound v3 WETH","WETH","14780151","14780151","base","0x46e6b214b524310239732D51387075E0e70970bf"
"StakeKit StakeWise V3","ETH","28685","28685","mainnet","0x475064D69bE1933C3EC0301A7397b0a667993f95"
"ajna-yvusdca-usdc","USDC","2477","2477","polygon","0x479974977BdFf289a4157f56EE29401523Ae4c0F"
"Sun and Moon Collection StakeWise V3","ETH","991062","991062","mainnet","0x481AfcD21A3447a7a04c4aFd968Df877b76d2310"
"Gauntlet LRT Core","WETH","80993237","80993237","mainnet","0x4881Ef0BF6d2365D3dd6499ccd7532bcdBCE0658"
"Seamless WETH","WETH","5521982","5521982","base","0x48bf8fCd44e2977c8a9A744658431A8e6C0d866c"
"Fluid Tether USD","USDT","6182186","6182186","arbitrum","0x4A03F37e7d3fC243e3f99341d36f4b829BEe5E03"
"Spark DAI","DAI","1505250073","1505250073","mainnet","0x4DEDf26112B3Ec8eC46e7E31EA5e123490B05B8B"
"Compound v2 ETH","ETH","205226524","205226524","mainnet","0x4Ddc2D193948926D02f9B1fE9e1daa0718270ED5"
"Sturdy ETH/Sommelier Real Yield ETH silo","WETH","1792","1792","mainnet","0x4E72fCB2517eD90A3976DD8f50A387811Ac4d883"
"f(x) Protocol Morpho USDC","USDC","875891","875891","mainnet","0x4F460bb11cf958606C69A963B4A17f9DaEEea8b6"
"0x4FEF StakeWise V3","ETH","53205690","53205690","mainnet","0x4FEF9D741011476750A243aC70b9789a63dd47Df"
"SwissBorg Morpho USDC","USDC","7037809","7037809","mainnet","0x4Ff4186188f8406917293A9e01A1ca16d3cf9E59"
"Notional Prime ETH","WETH","5481194","5481194","mainnet","0x4a9e282635567cC4D3C6a24E16C2335f10Dee9B8"
"AaveV3 USDT Lender","USDT","6095","6095","arbitrum","0x4aE5CE819e7D678b07E8D0f483d351E2c8e8B8D3"
"Prime tBTC v2","tBTC","6624","6624","mainnet","0x4c64083C62581531D28BCD25f8fb978A54875A98"
"Stargate USDbC","USDbC","2340469","2340469","base","0x4c80E24119CFB836cdF0a6b53dc23F04F7e652CA"
"LeadBlock USDC RWA","USDC","623917","623917","mainnet","0x4cA0E178c94f039d7F202E09d8d1a655Ed3fb6b6"
"Gearbox GHO v3","GHO","1135859","1135859","mainnet","0x4d56c9cBa373AD39dF69Eb18F076b7348000AE09"
"Aave v3 WETH","WETH","5306707966","5306707966","mainnet","0x4d5F47FA6A74757f35C14fD3a6Ef8E3C9BC514E8"
"Solo Staker StakeWise V3","ETH","218938","218938","mainnet","0x4e0A83509f5D0EF2e55B6F08dbF2462b72BcD30a"
"Aave v3 USDC","USDC","124639696","124639696","base","0x4e65fE4DbA92790696d040ac24Aa414708F5c0AB"
"Notional Prime USDT","USDT","377595","377595","mainnet","0x4ebFc11Ad2Dd1c2A450ba194558D797ee5D305a6"
"Gauntlet DAI Core","DAI","31805660","31805660","mainnet","0x500331c9fF24D9d11aee6B07734Aa72343EA74a5"
"Sturdy USDC/USD0++ silo","USDC","117831","117831","mainnet","0x501BBBeF60c407b36Ea6B87aF4964559C5229b11"
"Yearn-Ajna WETH Vault","WETH","1440136","1440136","mainnet","0x503e0BaB6acDAE73eA7fb7cf6Ae5792014dbe935"
"Ajna Pool WBTC/DAI","DAI","12158","12158","mainnet","0x50f1C63f3AEfD60C665eF45aA74f274dABf93405"
"Aave V3 USDC Lender","USDC","439290","439290","polygon","0x52367C8E381EDFb068E9fBa1e7E9B2C847042897"
"Matrixdock STBT","USDC","12177342","12177342","mainnet","0x530824DA86689C9C17CdC2871Ff29B058345b44a"
"Seamless USDC","USDC","25453134","25453134","base","0x53E240C0F985175dA046A62F26D490d1E259036e"
"Moonwell Frontier cbBTC","cbBTC","22982169","22982169","base","0x543257eF2161176D7C8cD90BA65C2d4CaEF5a796"
"Notional Prime DAI","DAI","109442","109442","mainnet","0x54fA13A38a690bC69584A7aC8b834c1770959974"
"Ajna Pool mBASIS/USDC","USDC","10201","10201","mainnet","0x5503364c38505c68612A4D85e952F33CD17E24Af"
"Gearbox USDC.e v3","USDC","2212","2212","optimism","0x5520dAa93A187f4Ec67344e6D2C4FC9B080B6A35"
"Pier Two StakeWise V3","ETH","109150","109150","mainnet","0x559c78Fc1dC35d4959DB13deA19c07896Cb578B5"
"SenseiNode StakeWise V3","ETH","1358194","1358194","mainnet","0x5610297Eb32542B8f13378Fe7d783DCB1AC3B1a1"
"null StakeWise V3","ETH","6305917","6305917","mainnet","0x579ECfE4270Ce23589D8b0A41DD234316018c11C"
"Yearn yPT-LBTC Yearn Auto-Rolling Pendle PT","LBTC","90946","90946","mainnet","0x57a8b4061AA598d2Bb5f70C5F931a75C9F511fc8"
"Yearn yPT-sUSDe Yearn Auto-Rolling Pendle PT","sUSDe","2956","2956","mainnet","0x57fC2D9809F777Cd5c8C433442264B6E8bE7Fce4"
"Yearn st-yETH","ETH","10785871","10785871","mainnet","0x583019fF0f430721aDa9cfb4fac8F06cA104d0B4"
"0x58c9 StakeWise V3","ETH","6712150","6712150","mainnet","0x58c9D90F8Fd08203B3Ba5DaDc8478d223c05e254"
"Mountain USDM","USDM","39535740","39535740","mainnet","0x59D9356E565Ab3A36dD77763Fc0d87fEaf85508C"
"Spark WETH","WETH","1261300459","1261300459","mainnet","0x59cD1C87501baa753d0B5B5Ab5D8416A45cD71DB"
"Yearn v2 WETH","WETH","397868","397868","optimism","0x5B977577Eb8a480f63e11FC615D6753adB8652Ae"
"Fluid Tether USD","USDT","151344471","151344471","mainnet","0x5C20B550819128074FD538Edf79791733ccEdd18"
"Hop USDC","USDC","190633","190633","polygon","0x5C32143C8B198F392d01f8446b754c181224ac26"
"Compound v3 USDS","USDS","12562055","12562055","mainnet","0x5D409e56D886231aDAf00c8775665AD0f9897b56"
"Seamless ILM 3x Loop ETH/USDC","WETH","689756","689756","base","0x5Ed6167232b937B0A5C84b49031139F405C09c8A"
"Aave v3 WBTC","WBTC","3623545939","3623545939","mainnet","0x5Ee5bf7ae06D1Be5997A1A72006FE6C607eC6DE8"
"Lavender.Five Nodes StakeWise V3","ETH","111955","111955","mainnet","0x5FE23Da0835ecf01F4faF9B07fdcfd603DfBD146"
"EVK Vault eLDO-1","LDO","1373","1373","mainnet","0x5a0064007ddDEa2C8d6547A7B1E862c619500994"
"Convex Curve Lending sUSDe/crvUSD","crvUSD","3189134","3189134","mainnet","0x5afeD68bBab7B959c493847BC490C95415Ae12e5"
"Aave v2 WBTC","WBTC","29016036","29016036","polygon","0x5c2ed810328349100A66B82b78a1791B101C9D61"
"Compound v2 DAI","DAI","27812337","27812337","mainnet","0x5d3a536E4D6DbD6114cc1Ead35777bAB948E3643"
"Sturdy Swell Aggregator Compounder","WETH","14555","14555","mainnet","0x5f76526390d9cd9944d65C605C5006480FA1bFcB"
"Aave v2 USDT","USDT","4219257","4219257","polygon","0x60D55F02A771d515e077c9C2403a1ef324885CeC"
"Re7 USDC","USDC","115964","115964","mainnet","0x60d715515d4411f7F43e4206dc5d4a3677f0eC78"
"dai-vault","DAI","25327","25327","mainnet","0x610E01895cB39078890e3Fe5239b78A51c07892F"
"StrategyGearboxLenderDAI","DAI","21410","21410","mainnet","0x6164045FC2b2b269ffcaB2197736A74B1725B6C6"
"Aave v3 USDC.e","USDC","11709837","11709837","polygon","0x625E7708f30cA75bfd92586e17077590C60eb4cD"
"Aave v3 USDC.e","USDC","4065196","4065196","arbitrum","0x625E7708f30cA75bfd92586e17077590C60eb4cD"
"Aave v3 USDC.e","USDC","5764708","5764708","optimism","0x625E7708f30cA75bfd92586e17077590C60eb4cD"
"Moonwell wstETH","wstETH","30431009","30431009","base","0x627Fe393Bc6EdDA28e99AE648fD6fF362514304b"
"Moonwell ETH","WETH","142096272","142096272","base","0x628ff693426583D9a7FB391E54366292F509D457"
"Sturdy crvUSD/yean curve USDC-crvUSD LP silo","crvUSD","211723","211723","mainnet","0x6311fF24fb15310eD3d2180D3d0507A21a8e5227"
"Prime Arbitrum","ARB","32019","32019","arbitrum","0x63FfCFb69EDF8C9cB19a36401cf88C8939C40650"
"Stakesaurus SEA Home Nodes StakeWise V3","ETH","108579","108579","mainnet","0x649955f4189c3921df60e25F58Cb1E81070fEdb0"
"AutoStake ‚ö°Ô∏è 1% fee forever StakeWise V3","ETH","174316","174316","mainnet","0x64f2907F92631619ED7Ea510982835F9e1024767"
"Hop ETH","WETH","4145062","4145062","arbitrum","0x652d27c0F72771Ce5C76fd400edD61B406Ac6D97"
"Yearn v2 DAI","DAI","35514","35514","optimism","0x65343F414FFD6c97b0f6add33d16F6845Ac22BAc"
"Overnight DAI+","DAI","32987","32987","base","0x65a2508C429a6078a7BC2f7dF81aB575BD9D9275"
"ìÉµ onchainaustria.at StakeWise V3","ETH","1520134","1520134","mainnet","0x663580B3edAd914D0b59CeA88616F06278D42bb2"
"Fluid Wrapped liquid staked Ether 2.0","wstETH","81269","81269","arbitrum","0x66C25Cd75EBdAA7E04816F643d8E46cecd3183c9"
"Ajna Pool YFI/DAI","DAI","81593","81593","mainnet","0x66ea46C6e7F9e5BB065bd3B1090FFF229393BA51"
"LlamaRisk crvUSD Vault","crvUSD","754873","754873","mainnet","0x67315dd969B8Cd3a3520C245837Bf71f54579C75"
"Gauntlet cbBTC Core","cbBTC","7236624","7236624","base","0x6770216aC60F634483Ec073cBABC4011c94307Cb"
"EVK Vault eWETH-3","WETH","2939","2939","mainnet","0x67e4e4e73947257Ca62D118E0FBC56D06f11d96F"
"Aave v3 EtherFi Market FRAX","FRAX","538052","538052","mainnet","0x6914ECCf50837dC61b43ee478a9BD9B439648956"
"Fluid GHO","GHO","12230010","12230010","mainnet","0x6A29A46E21C730DcA1d8b23d637c101cec605C5B"
"Aave v2 sUSD","sUSD","356402","356402","mainnet","0x6C5024Cd4F8A59110119C56f8933403A539555EB"
"USDC-A yVault","USDC","30160","30160","arbitrum","0x6FAF8b7fFeE3306EfcFc2BA9Fec912b4d49834C1"
"Aave v3 USDT","USDT","136733747","136733747","arbitrum","0x6ab707Aca953eDAeFBc4fD23bA73294241490620"
"Aave v3 USDT","USDT","19754432","19754432","optimism","0x6ab707Aca953eDAeFBc4fD23bA73294241490620"
"Aave v3 USDT","USDT","56173930","56173930","polygon","0x6ab707Aca953eDAeFBc4fD23bA73294241490620"
"Gauntlet WETH Core","WETH","16354454","16354454","base","0x6b13c060F13Af1fdB319F52315BbbF3fb1D88844"
"Aave v3 EURS","EURS","39240","39240","arbitrum","0x6d80113e533a2C0fe82EaBD35f1875DcEA89Ea97"
"Aave v3 sUSD","sUSD","10753645","10753645","optimism","0x6d80113e533a2C0fe82EaBD35f1875DcEA89Ea97"
"Notional Prime USDC","USDC","781398","781398","arbitrum","0x6f28cafe12bd97E474a52bcbfEa6F2c18AE0F53D"
"Compound v3 WETH","WETH","37759005","37759005","arbitrum","0x6f7D514bbD4aFf3BcD1140B7344b32f063dEe486"
"EVK Vault eUSDe-5","USDe","1038","1038","mainnet","0x6fc6BeCAe0fFAA08f699ec072f31983821a4D7ce"
"Moonwell USDbC","USDbC","31598","31598","base","0x703843C3379b52F9FF486c9f5892218d2a065cC8"
"Seamless AERO","AERO","457365","457365","base","0x70C75D336a84060afb393a69273CfD9e8103f2f3"
"ajna-reth-dai2","DAI","4999","4999","mainnet","0x70CC9700D5d9ac581BAde4eF8D77d4b55f0c20fa"
"Relend ETH","WETH","1066","1066","base","0x70F796946eD919E4Bc6cD506F8dACC45E4539771"
"Swaap Lend WETH","WETH","1467262","1467262","mainnet","0x716bF454066a84F39A2F78b5707e79a9d64f1225"
"Aave v3 USDC","USDC","300210410","300210410","arbitrum","0x724dc807b04555b71ed48a6896b6F41593b8C637"
"Data Nexus DA StakeWise V3","ETH","9717670","9717670","mainnet","0x729970a33B1680B763F941aa2Da9fA46c5DBDf5A"
"Euler Prime CBETH","cbETH","1697870","1697870","mainnet","0x7338d86137052F0dF6e9048d6D23e09735a99585"
"Aave v3 EtherFi Market USDC","USDC","11801","11801","mainnet","0x7380c583cDe4409eFF5DD3320D93a45D96B80E2e"
"Sturdy Aggregator - crvUSD","crvUSD","900027","900027","mainnet","0x73E4C11B670Ef9C025A030A20b72CB9150E54523"
"Moonwell DAI","DAI","108817","108817","base","0x73b06D8d18De422E269645eaCe15400DE7462417"
"Spark DAI Vault","DAI","725711251","725711251","mainnet","0x73e65DBD630f90604062f6E02fAb9138e713edD9"
"yearn-V3-LST-WSTETH","WETH","6947","6947","polygon","0x7486325A843590b84c98563c6962C58655569EcA"
"yPT-USDe-Zircuit (auto-rolling Pendle PT)","USDe","4715","4715","mainnet","0x76e9B1711D85BC9c88a437420787c34282956eC5"
"Metronome msETH Vault","msETH","3285225","3285225","mainnet","0x78B18E07dc43017fcEaabaD0751d6464c0F56b25"
"Re7 WETH","WETH","25659844","25659844","mainnet","0x78Fc2c2eD1A4cDb5402365934aE5648aDAd094d0"
"Fraxlend FRAX (WETH collateral)","FRAX","1263476","1263476","mainnet","0x794F6B13FBd7EB7ef10d1ED205c9a416910207Ff"
"Euler Prime USDC","USDC","11615414","11615414","mainnet","0x797DD80692c3b2dAdabCe8e30C07fDE5307D48a9"
"Prime Lido DAO Token","LDO","11169","11169","arbitrum","0x7D3A64905F87340f21F8E28ccAAF975B35b0Def6"
"ARB-1 yVault","ARB","5700","5700","arbitrum","0x7DEB119b92b76f78C212bc54FBBb34CEA75f4d4A"
"EVK Vault eETH+-1","ETH+","389120","389120","mainnet","0x7E8Ba73e62dc430A4Fc76E7bb4EA8de62CDe5fDc"
"Fox & Yaga StakeWise V3","ETH","432588","432588","mainnet","0x7Eed3ea8D83ba4Ccc1b20674F46825ece2fce594"
"Seamless EURC","EURC","350739","350739","base","0x7b35C044192b6399f5c646c68E83Df9316B56556"
"Seamless cbBTC","cbBTC","977235","977235","base","0x7b6E8F21103e475D7dADf2650fD9c6dd5357E04A"
"Compound V3 USD Lender","USDC","143776","143776","mainnet","0x7eE351aA702C8fC735D77Fb229b7676AC15D7c79"
"Pyth ETH","WETH","3551263","3551263","base","0x80D9964fEb4A507dD697b4437Fc5b25b618CE446"
"Data Nexus StakeWise V3","ETH","3189319","3189319","mainnet","0x8216e50b1dD76FAEb1ff4caFABA6790EA71910df"
"Apostro WBTC","WBTC","1793809","1793809","mainnet","0x82D2CE1f71cbe391c05E21132811e5172d51A6EE"
"Aave v3 DAI","DAI","2944971","2944971","optimism","0x82E64f49Ed5EC1bC6e43DAD4FC8Af9bb3A2312EE"
"Aave v3 DAI","DAI","7889325","7889325","polygon","0x82E64f49Ed5EC1bC6e43DAD4FC8Af9bb3A2312EE"
"Aave v3 DAI","DAI","10089371","10089371","arbitrum","0x82E64f49Ed5EC1bC6e43DAD4FC8Af9bb3A2312EE"
"Notional Prime WBTC","WBTC","3371673","3371673","mainnet","0x83706A2Ec580Fe1Fdb84744366FA02Fb8e25D29D"
"Savings Dai (sDAI)","DAI","634027864","634027864","mainnet","0x83F20F44975D03b1b09e64809B757c47f942BEeA"
"Overnight USDC+","USDC","75500757","75500757","base","0x85483696Cc9970Ad9EdD786b2C5ef735F38D156f"
"Origin Ether (OETH)","ETH","160366195","160366195","mainnet","0x856c4Efb76C1D1AE02e20CEB03A2A6a08b0b8dC3"
"Prime GMX","GMX","4136","4136","arbitrum","0x8652De5310746E8DE24Cbe17Ee8b5FE1e78febcC"
"Notional Prime rETH","rETH","69891","69891","arbitrum","0x866EB09d3D1397B8a28CFE5dCEeaED9362840385"
"Usual aggregator","USDC","128556","128556","mainnet","0x8670120c32DE7bc990e0FE3Bbd04704E98492F0a"
"Convex Curve Lending pufETH/crvUSD","crvUSD","1031285","1031285","mainnet","0x877be1eCAE8dD452dEfa63A59C00A9340018016c"
"Stargate USDC","USDC","3225474","3225474","arbitrum","0x892785f33CdeE22A30AEF750F285E18c18040c3e"
"Fluid Wrapped liquid staked Ether 2.0","wstETH","502475","502475","base","0x896E39f0E9af61ECA9dD2938E14543506ef2c2b5"
"Re7 USDA","USDA","15158","15158","mainnet","0x89D80f5e9BC88d8021b352064ae73F0eAf79EBd8"
"Stakingverse - Ethereum StakeWise V3","ETH","5469312","5469312","mainnet","0x8A93A876912c9F03F88Bc9114847cf5b63c89f56"
"Gauntlet USDT Prime","USDT","5555593","5555593","mainnet","0x8CB3649114051cA5119141a34C200D65dc0Faa73"
"Convex Curve Lending WETH/crvUSD","crvUSD","183697","183697","mainnet","0x8E01c8Bb252b3d6B529A8C4D7b4e216BbA81B83F"
"Aave v3 LUSD","LUSD","203943","203943","optimism","0x8Eb270e296023E9D92081fdF967dDd7878724424"
"Morpho Degen","DEGEN","185796","185796","base","0x8c3A6B12332a6354805Eb4b72ef619aEdd22BcdD"
"Stablecoin Maxi sUSDe","sUSDe","6104187","6104187","mainnet","0x8dDE384022D4dE1D6C67891a8865f551c444dc4C"
"Sturdy crvUSD/yean curve FRAX-crvUSD LP silo","crvUSD","65313","65313","mainnet","0x8dDE9A50a91cc0a5DaBdc5d3931c1AF60408c84D"
"Gauntlet USDC Core","USDC","113307965","113307965","mainnet","0x8eB67A509616cd6A7c1B3c8C21D48FF57df3d458"
"Aave v3 LUSD","LUSD","560219","560219","arbitrum","0x8ffDf2DE812095b1D19CB146E4c004587C0A0692"
"Fluid Wrapped Ether","WETH","2167330","2167330","mainnet","0x90551c1795392094FE6D29B758EcCD233cFAa260"
"Peer Ventures StakeWise V3","ETH","109584","109584","mainnet","0x907660805FB78aE4E8419f76537671CC4df2D4ab"
"Ajna Pool sDAI/USDC","USDC","44895","44895","mainnet","0x90Ac6604aE71B5D978f3fC6074078987249119Ea"
"Yearn v3 DAI-A","DAI","459698","459698","polygon","0x90b2f54C6aDDAD41b8f6c4fCCd555197BC0F773B"
"Verse ETH Staking StakeWise V3","ETH","492953","492953","mainnet","0x91211A4965e75152Cb549b308f8ba398c3aB337e"
"Stargate ETH","ETH","5108125","5108125","arbitrum","0x915A55e36A01285A14f05dE6e81ED9cE89772f8e"
"Yearn-Ajna Pool wstETH/WETH Vault","WETH","3780","3780","mainnet","0x91603C7fb539f2DA2da93Ba6Bec696A47e46bBA2"
"EVK Vault eUNI-1","UNI","1541","1541","mainnet","0x9167Ff08C18Ea05d70D5CBf0c576A33DCeE6de06"
"DAI-2 yVault","DAI","1082364","1082364","mainnet","0x92545bCE636E6eE91D88D2D017182cD0bd2fC22e"
"Fluid Wrapped Ether","WETH","623928","623928","base","0x9272D6153133175175Bc276512B2336BE3931CE9"
"Convex Curve Lending wstETH/crvUSD","crvUSD","1037","1037","mainnet","0x9360F9904FAAF70D834c93E41782f3A07EAf0f91"
"GHO aggregator","GHO","139875","139875","mainnet","0x93eBc3cA85F96aFD72edB914e833Fe18888DE179"
"Re7 USDT","USDT","1536316","1536316","mainnet","0x95EeF579155cd2C5510F312c8fA39208c3Be01a8"
"Frens (ü§ù,ü§ù) StakeWise V3","ETH","3708","3708","mainnet","0x9633b4D631D363fc8337FaD80A6D0932E8767662"
"Blockshard Pioneers Vault  StakeWise V3","ETH","908242","908242","mainnet","0x96fB413349cB4EC17410DF929898AE9c0e56Ae40"
"Overnight DAI+","DAI","4631","4631","optimism","0x970D50d09F3a656b43E11B0D45241a84e3a6e011"
"Aave v3 USDC","USDC","2256730843","2256730843","mainnet","0x98C23E9d8f34FEFb1B7BD6a91B7FF122F4e16F5c"
"MEV Capital cbBTC","cbBTC","8156321","8156321","mainnet","0x98cF0B67Da0F16E1F8f1a1D23ad8Dc64c0c70E0b"
"Stakely StakeWise V3","ETH","1151194","1151194","mainnet","0x99510bFc5D420cd3c41458F4692B1C3321908734"
"Compound v3 USDT","USDT","5289814","5289814","optimism","0x995E394b8B2437aC8Ce61Ee0bC610D617962B214"
"Spark rETH","rETH","112898640","112898640","mainnet","0x9985dF20D7e9103ECBCeb16a84956434B6f06ae8"
"Euler Prime WBTC","WBTC","5632420","5632420","mainnet","0x998D761eC1BAdaCeb064624cc3A1d37A46C88bA4"
"EVK Vault eUSDC-12","USDC","1144","1144","mainnet","0x99ba39845C4A12341C4B8cCEba1F11F4f6f84046"
"Ethena Staked USDe","USDe","4471002429","4471002429","mainnet","0x9D39A5DE30e57443BfF2A8307A4256c8797A3497"
"Yearn USDC.e-2","USDC","246416","246416","arbitrum","0x9FA306b1F4a6a83FEC98d8eBbaBEDfF78C407f6B"
"Fluid USD Coin","USDC","156831661","156831661","mainnet","0x9Fb7b4477576Fe5B32be4C1843aFB1e55F251B33"
"MEV Capital wETH","WETH","39545984","39545984","mainnet","0x9a8bC3B04b7f3D87cfC09ba407dCED575f2d61D8"
"01node StakeWise V3 Vault StakeWise V3","ETH","154450","154450","mainnet","0x9c29c571847A68A947AceC8bacd303e36bC72ec5"
"Compound v3 USDbC","USDbC","712181","712181","base","0x9c4ec768c28520B50860ea7a15bd7213a9fF58bf"
"Compound v3 USDC","USDC","35477095","35477095","arbitrum","0x9c4ec768c28520B50860ea7a15bd7213a9fF58bf"
"Arcadia cbBTC","cbBTC","405046","405046","base","0x9c63A4c499B323a25D389Da759c2ac1e385eEc92"
"Euler Prime wM","wM","480814","480814","mainnet","0x9c6e67fA86138Ab49359F595BfE4Fb163D0f16cc"
"usdc-vault","USDC","13509","13509","mainnet","0x9cFb40acedaC259B1d23e790f6c6D0C3898361Ad"
"Ajna Pool rETH/DAI","DAI","46082","46082","mainnet","0x9cdB48FcBd8241Bb75887AF04d3b1302c410F671"
"Euler Prime TBTC","tBTC","1091272","1091272","mainnet","0x9e714434A1c94B842b75631a70E07d13f2575368"
"Lido stMATIC","MATIC","31241324","31241324","mainnet","0x9ee91F9f426fA633d227f7a9b000E28b9dfd8599"
"Aave v2 WBTC","WBTC","293163327","293163327","mainnet","0x9ff58f4fFB29fA2266Ab25e75e2A8b3503311656"
"Yearn v3 USDC.e-A","USDC","674839","674839","polygon","0xA013Fbd4b711f9ded6fB09C1c0d358E2FbC2EAA0"
"Re7 cbBTC","cbBTC","1925423","1925423","mainnet","0xA02F5E93f783baF150Aa1F8b341Ae90fe0a772f7"
"Instadapp ETH v2","stETH","157109968","157109968","mainnet","0xA0D3707c569ff8C87FA923d3823eC5D81c98Be78"
"Prime Coinbase Wrapped Staked ETH","cbETH","18630","18630","arbitrum","0xA135D7f10545e3a45e24e79eCD4e4c3c78cF56Bf"
"Compound v3 WETH","WETH","157394893","157394893","mainnet","0xA17581A9E3356d9A858b789D68B4d866e593aE94"
"Adapt3r Treasury Bill Fund (tfBILL)","USDC","7141271","7141271","mainnet","0xA1F3aca66403D29b909605040C30ae1F1245d14c"
"EVK Vault eLBTC-3","LBTC","213647","213647","mainnet","0xA2038a5B7Ce1C195F0C52b77134c5369CCfe0148"
"Re7 WETH","WETH","15225136","15225136","base","0xA2Cac0023a4797b4729Db94783405189a4203AFc"
"Stader ETHx","ETH","441815107","441815107","mainnet","0xA35b1B31Ce002FBF2058D22F30f95D405200A15b"
"Aave v3 USDC","USDC","45825438","45825438","polygon","0xA4D94019934D8333Ef880ABFFbF2FDd611C762BD"
"Compound v3 USDC.e","USDC","824140","824140","arbitrum","0xA5EDBDD9646f8dFF606d7448e414884C7d905dCA"
"Staked Frax (sFRAX)","FRAX","71090759","71090759","mainnet","0xA663B02CF0a4b149d2aD41910CB81e23e1c41c32"
"Yearn v2 WBTC","WBTC","5014981","5014981","mainnet","0xA696a63cc78DfFa1a63E9E50587C197387FF6C7E"
"SSV Operator 491 StakeWise V3","ETH","8684278","8684278","mainnet","0xA8cB2e35F594b308726b242136f0a8995BF19E97"
"StakeWise V3 Genesis","ETH","225216892","225216892","mainnet","0xAC0F906E433d58FA868F936E8A43230473652885"
"Ondo aggregator","USDC","664547","664547","mainnet","0xACA399117aC588E1F48398d34eCA76CDB1E45fA5"
"Re7 AUSD","AUSD","1004425","1004425","mainnet","0xAb254591B63138247eCcDF82170Eb64890d36b1B"
"WETH-2 yVault","WETH","8760159","8760159","mainnet","0xAc37729B76db6438CE62042AE1270ee574CA7571"
"EVK Vault eUSDe-2","USDe","149953","149953","mainnet","0xAc73efA7696DC1c1617BbC20aeC64422c8b70EDa"
"USDC-2 yVault","USDC","29121","29121","mainnet","0xAe7d8Db82480E6d8e3873ecbF22cf17b3D8A7308"
"tBTC aggregator","tBTC","2518152","2518152","mainnet","0xAeD098db0e39bed6DDc2c07727B8FfC0BA470D9C"
"CommonWealth StakeWise V3","ETH","122692","122692","mainnet","0xB0fd1783826Ce1A254BA8d5C409B267238FAA9Cd"
"Hop USDT","USDT","267527","267527","polygon","0xB2f7d27B21a69a033f85C42d5EB079043BAadC81"
"Serenita StakeWise V3","ETH","5236454","5236454","mainnet","0xB36Fc5e542cb4fC562a624912f55dA2758998113"
"Blockscape Super Early Bird StakeWise V3","ETH","1406196","1406196","mainnet","0xB46DBA422BCF7F113dA2EEB41c0E2CC6298d6Bba"
"Stargate USDT","USDT","2978059","2978059","arbitrum","0xB6CfcF89a7B22988bfC96632aC2A9D6daB60d641"
"Universal USDC","USDC","350250","350250","base","0xB7890CEE6CF4792cdCC13489D36D9d42726ab863"
"Overnight USD+","USDC","11597289","11597289","base","0xB79DD08EA68A908A97220C76d19A6aA9cBDE4376"
"EVK Vault eUSDC-1","USDC","50151","50151","mainnet","0xB93d4928f39fBcd6C89a7DFbF0A867E6344561bE"
"Relend cbBTC","cbBTC","1742904","1742904","mainnet","0xB9C9158aB81f90996cAD891fFbAdfBaad733c8C6"
"Notional Prime WBTC","WBTC","587088","587088","arbitrum","0xB9bFBB35C2eD588a42f9Fd1120929c607B463192"
"Re7 FRAX","FRAX","183354","183354","mainnet","0xBE40491F3261Fd42724F1AEb465796eb11c06ddF"
"Yearn v3 AaveV3 WETH Lender","WETH","120388","120388","polygon","0xBEDA9A5300393e00229dc15cC54D5185E7646c56"
"Steakhouse USDC","USDC","62386163","62386163","mainnet","0xBEEF01735c132Ada46AA9aA4c54623cAA92A64CB"
"Steakhouse ETH","WETH","20290687","20290687","mainnet","0xBEEf050ecd6a16c4e7bfFbB52Ebba7846C4b8cD4"
"Steakhouse EURA","EURA","518436","518436","base","0xBEeFA28D5e56d41D35df760AB53B94D9FfD7051F"
"crvUSD-2 yVault","crvUSD","1308849","1308849","mainnet","0xBF319dDC2Edc1Eb6FDf9910E39b37Be221C8805F"
"Yearn v3 USDT-A","USDT","1187503","1187503","polygon","0xBb287E6017d3DEb0e2E65061e8684eab21060123"
"Aave v2 USDC","USDC","63598516","63598516","mainnet","0xBcca60bB61934080951369a648Fb03DF4F96263C"
"Swell aggregator","WETH","23055","23055","mainnet","0xBd564BFE6F2366336ecD707862EDa79b97BCE383"
"MAHA.xyz ZAI Vault","xUSDz","98854","98854","base","0xBdD1a02e0042ee4B6a89856A8521f78A43Ef6A8C"
"USDC-1 yVault","USDC","5049450","5049450","mainnet","0xBe53A109B494E5c9f97b9Cd39Fe969BE68BF6204"
"Coinbase cbETH","ETH","1446938897","1446938897","mainnet","0xBe9895146f7AF43049ca1c1AE358B0541Ea49704"
"Steakhouse EURC","EURC","32848","32848","base","0xBeEF086b8807Dc5E5A1740C5E3a7C4c366eA6ab5"
"Steakhouse RUSD","rUSD","57061914","57061914","mainnet","0xBeEf11eCb698f4B5378685C05A210bdF71093521"
"Steakhouse PAXG","PAXG","283606","283606","mainnet","0xBeEf796ae50ba5423857CAc27DD36369cfc8241b"
"Compound v2 WBTC","WBTC","3995609","3995609","mainnet","0xC11b1268C1A384e55C48c2391d8d480264A3A7F4"
"EUR Real Yield","EURe","2659","2659","mainnet","0xC21DB71648B18C5B9E038d88393C9b254cf8eaC8"
"Sturdy pxETH Compounder","pxETH","230561","230561","mainnet","0xC40dC53931cd184F782f3602d95C7e3609706004"
"Sturdy ETH/rswETH Pendle PT silo","WETH","23088","23088","mainnet","0xC8D4a8a7F593e73cD32cD6C5Fb11fE20F23f9695"
"EVK Vault eBEAM-1","BEAM","200090","200090","mainnet","0xC95A652e3f6042Ae884a141925b274d785Af6103"
"Backed bIB01","USDC","16538190","16538190","mainnet","0xCA30c93B02514f86d5C86a6e375E3A330B435Fb5"
"USDC CompoundV3 Lender","USDC","71043","71043","arbitrum","0xCACc53bAcCe744ac7b5C1eC7eb7e3Ab01330733b"
"Moonwell rETH","rETH","3429965","3429965","base","0xCB1DaCd30638ae38F2B94eA64F066045B7D45f44"
"yPT-sDAI (auto-rolling Pendle PT)","sDAI","11408","11408","mainnet","0xCa36627878621FF63239E9819e357E41666317b6"
"EVK Vault eAAVE-1","AAVE","8519","8519","mainnet","0xD1552d878FE4869539ba4D03D207B54913a5C273"
"Aave v2 GUSD","GUSD","435782","435782","mainnet","0xD37EE7e4f452C6638c96536e68090De8cBcdb583"
"ETH+","WETH","9133","9133","arbitrum","0xD4939D69B31fbE981ed6904A3aF43Ee1dc777Aab"
"Aave v3 WETH","WETH","199996739","199996739","base","0xD4a0e0b9149BCee3C920d2E00b5dE09138fd8bb7"
"Notional Prime USDT","USDT","186997","186997","arbitrum","0xD63aCe62b925361fc588734022718e919A8081AC"
"Euler Prime WETH","WETH","8978912","8978912","mainnet","0xD8b27CF359b7D15710a5BE299AF6e7Bf904984C2"
"Chorus One <> Obol StakeWise V3","ETH","503199","503199","mainnet","0xDBdEE04c72a02a740B9F26adA9203582c8A99DaF"
"yPT-agETH (auto-rolling Pendle PT)","agETH","185197","185197","mainnet","0xDDa02A2FA0bb0ee45Ba9179a3fd7e65E5D3B2C90"
"Convex Curve Lending WBTC/crvUSD","crvUSD","1761222","1761222","mainnet","0xDF2Cf819DBC1E5a5774eE760D2678330cf4665e2"
"Yearn USDC.e","USDC","6119","6119","arbitrum","0xDa3b69a45797DCA697Ff5bB2c10682f14373c063"
"Stargate USDC","USDC","3636393","3636393","optimism","0xDecC0c09c3B5f6e92EF4184125D5648a66E35298"
"Re7 WBTC","WBTC","8217454","8217454","mainnet","0xE0C98605f279e4D7946d25B75869c69802823763"
"Gravita x NodeSet StakeWise V3","ETH","18270","18270","mainnet","0xE2AEECC76839692AEa35a8D119181b14ebf411c9"
"KysenPool Zen üßò StakeWise V3","ETH","117208","117208","mainnet","0xE2D8f982708ce1e3814C8986cBab624cA926288A"
"Ajna Pool rETH/WETH","WETH","71560","71560","mainnet","0xE300B3A6b24cB3c5c87034155F7ffF7F77C862a0"
"Compound v3 WETH","WETH","20256632","20256632","optimism","0xE36A30D249f7761327fd973001A32010b521b6Fd"
"EVK Vault eezETH-3","ezETH","744545","744545","mainnet","0xE3ea69f8661FFac04E269f99C14ba73e2Bb10633"
"Ajna Pool WETH/USDC","USDC","65762","65762","mainnet","0xE4BfB9b344A0Ae89702184281F13A295F3D49e15"
"EVK Vault eUSDT-7","USDT","1155","1155","mainnet","0xE5b9686c0cc4Be8a47eb4ed265d4203EA8232f94"
"Ajna Pool USDC/WBTC","WBTC","9839","9839","mainnet","0xE92Cd0ACF334D1133551bC4c87eA73BbC49Ce711"
"Ankr ankrETH","ETH","46418016","46418016","mainnet","0xE95A203B1a91a908F9B9CE46459d101078c2c3cb"
"Swiss Staking (1.69% fee, MEV) StakeWise V3","ETH","22451","22451","mainnet","0xEA5E8e9732C79584C0980F2Bd3c29d37C747969F"
"Ajna Pool COW/DAI","DAI","26407","26407","mainnet","0xEE9Ad5700E17a95A397827c297958472C6669882"
"Sturdy TBTC/SWBTC silo","tBTC","1352","1352","mainnet","0xEEF271A0071423EA56d38E4aBE748165cc432e3f"
"Arcadia USDC","USDC","3251986","3251986","base","0xEFE32813dBA3A783059d50e5358b9e3661218daD"
"DSRV StakeWise V3","ETH","178727","178727","mainnet","0xEa6Db44b0d7e20f72F2b4B3dEaAA9e710E718Bd9"
"Gauntlet MKR Blended","USDC","1096","1096","mainnet","0xEbFA750279dEfa89b8D99bdd145a016F6292757b"
"EVK Vault ePYUSD-2","PYUSD","1095","1095","mainnet","0xEd667E0DE292C040CF2183302c8DBDe1C06447d7"
"Moonwell USDC","USDC","68970067","68970067","base","0xEdc817A28E8B93B03976FBd4a3dDBc9f7D176c22"
"Aave V3 DAI Lender","DAI","1712","1712","mainnet","0xEed00e00236cD7F36F2558D8b5fD05046449599D"
"Compound v3 USDC","USDC","8829944","8829944","polygon","0xF25212E676D1F7F89Cd72fFEe66158f541246445"
"9Summits WETH Core","WETH","9083355","9083355","base","0xF540D790413FCFAedAC93518Ae99EdDacE82cb78"
"Yearn-Ajna USDC Vault ","USDC","3435","3435","polygon","0xF54a15F6da443041Bb075959EA66EE47655DDFcA"
"Gauntlet cbBTC Core","cbBTC","5653779","5653779","mainnet","0xF587f2e8AfF7D76618d3B6B4626621860FbD54e3"
"Ajna Pool wstETH/USDC","USDC","3412","3412","mainnet","0xF5B1AD7F82549c2BBf08AAa79c9eFC70C6E46b06"
"EVK Vault eUSDT-6","USDT","1000","1000","mainnet","0xF69FF7901E199AE4Fc354048DA09C23c7699716c"
"Ungoverned WSTETH 001","wstETH","2575735","2575735","mainnet","0xF6E2EfDF175e7a91c8847dade42f2d39A9aE57D4"
"Sturdy PxETH/ApxETH silo","pxETH","1113","1113","mainnet","0xFa68707be4b58FB9F10748E30e25A15113EdEE1D"
"Yearn v2 USDT","USDT","21815","21815","optimism","0xFaee21D0f0Af88EE72BB6d68E54a90E6EC2616de"
"EVK Vault eGRT-1","GRT","5005","5005","mainnet","0xFc323C1727853872A85098EA89a6882853B708dd"
"StakeWise sETH2","ETH","22274416","22274416","mainnet","0xFe2e637202056d30016725477c5da089Ab0A043A"
"Moonwell Flagship ETH","WETH","92482643","92482643","base","0xa0E430870c4604CcfC7B38Ca7845B1FF653D0ff1"
"Yearn v2 WETH","WETH","62322912","62322912","mainnet","0xa258C4606Ca8206D8aA700cE2143D7db854D168c"
"EVK Vault ePAXG-1","PAXG","100831","100831","mainnet","0xa2f045eC60C624c46F1075FC589Df0f936F822C2"
"Yearn v2 USDC","USDC","10340263","10340263","mainnet","0xa354F35829Ae975e850e23e9615b11Da1B3dC4DE"
"Savings USDS","USDS","558421942","558421942","mainnet","0xa3931d71877C0E7a3148CB7Eb4463524FEc27fbD"
"Gearbox USDC.e v3","USDC","51354","51354","arbitrum","0xa76c604145D7394DEc36C49Af494C144Ff327861"
"Convex Curve Lending wstETH/crvUSD","crvUSD","206035","206035","mainnet","0xa968cd9c220E4fD04449cAe0910A120C1d125bc2"
"Re7 Labs Renzo WETH","WETH","3561","3561","mainnet","0xa992d3777282c44ee980E9B0ca9Bd0c0E4f737aF"
"Yearn v2 USDC","USDC","44489","44489","optimism","0xaD17A225074191d5c8a37B50FdA1AE278a2EE6A2"
"EVK Vault eGHO-2","GHO","1047","1047","mainnet","0xaE4D563FC348e0FC3697Ed940b23a86779e095C8"
"Notional Prime USDC","USDC","3303252","3303252","mainnet","0xaEeAfB1259f01f363d09D7027ad80a9d442de762"
"Hop ETH","WETH","3007557","3007557","optimism","0xaa30D6bba6285d0585722e2440Ff89E23EF68864"
"Notional Prime ETH","WETH","1194344","1194344","arbitrum","0xabc07BF91469C5450D6941dD0770E6E6761B90d6"
"Frax sfrxETH","frxETH","378877636","378877636","mainnet","0xac3E018457B222d93114458476f3E3416Abbe38F"
"Rocket Pool rETH","ETH","1769587094","1769587094","mainnet","0xae78736Cd615f374D3085123A210448E74Fc6393"
"Lido stETH","ETH","32731636560","32731636560","mainnet","0xae7ab96520DE3A18E5e111B5EaAb095312D7fE84"
"Compound v3 USDT","USDT","6092573","6092573","polygon","0xaeB318360f27748Acb200CE616E389A6C9409a07"
"Savings xDAI (sDAI)","WXDAI","69145610","69145610","gnosis","0xaf204776c7245bF4147c2612BF6e5972Ee483701"
"Overnight USDT+","USDT","2509067","2509067","arbitrum","0xb1084db8D3C05CEbd5FA9335dF95EE4b8a0edc30"
"Compound v3 USDC","USDC","15014568","15014568","base","0xb125E6687d4313864e53df431d5425969c15Eb2F"
"Yearn v3 Compound USDC.e","USDC","355091","355091","polygon","0xb1403908F772E4374BB151F7C67E88761a0Eb4f1"
"Silo crvUSD (CRV collateral)","crvUSD","472662","472662","mainnet","0xb27D1729489d04473631f0AFAca3c3A7389ac9F8"
"Reserve eUSD Prime","eUSD","344592","344592","mainnet","0xb2A8bAba27B5D45Db0a4E58275cAf62DEBca7AA2"
"Sturdy GHO/yearn curve GHO-fxUSD LP silo","GHO","106856","106856","mainnet","0xb3Bf04A939aAcFf5BdCFc273CE4F36CF29F063Db"
"sDOLA","DOLA","4832876","4832876","mainnet","0xb45ad160634c528Cc3D2926d9807104FA3157305"
"EVK Vault eWETH-14","WETH","1045","1045","mainnet","0xb4f7761C459D09f414e1190df275be3E24535750"
"Aave v3 crvUSD","crvUSD","445011","445011","mainnet","0xb82fa9f31612989525992FCfBB09AB22Eff5c85A"
"Notional Prime GHO","GHO","21949","21949","mainnet","0xbB828e3d0c96B334FE2CF8F18382Bb11F533e878"
"Notional Prime wstETH","wstETH","704685","704685","arbitrum","0xbC323E3564Fb498E55CDc83a3Ea6bB1AF8402D6B"
"Euler Prime LBTC","LBTC","14923962","14923962","mainnet","0xbC35161043EE2D74816d421EfD6a45fDa73B050A"
"Euler Prime wstETH","wstETH","3202518","3202518","mainnet","0xbC4B4AC47582c3E38Ce5940B80Da65401F4628f1"
"Ajna Pool syrupUSDC/USDC","USDC","116136","116136","mainnet","0xbCda8EE352778071fc7f09B8bfBcD832aa09CeE9"
"Aave V3 USDC Lender","USDC","1242","1242","mainnet","0xbDb97eC319c41c6FA383E94eCE6Bdf383dFC7BE4"
"Fluid Arbitrum","ARB","50450","50450","arbitrum","0xbE3860FD4c3facDf8ad57Aa8c1A36D6dc4390a49"
"Steakhouse PYUSD","PYUSD","12366945","12366945","mainnet","0xbEEF02e5E13584ab96848af90261f0C8Ee04722a"
"Steakhouse ETH","WETH","294179","294179","base","0xbEEf050a7485865A7a8d8Ca0CC5f7536b7a3443e"
"Steakhouse USDA","USDA","500629","500629","base","0xbEEfa1aBfEbE621DF50ceaEF9f54FdB73648c92C"
"Steakhouse USDT","USDT","11941516","11941516","mainnet","0xbEef047a543E45807105E51A8BBEFCc5950fcfBa"
"Morpho eUSD","eUSD","4553181","4553181","base","0xbb819D845b573B5D7C538F5b85057160cfb5f313"
"Steakhouse USDC","USDC","1924065","1924065","base","0xbeeF010f9cb27031ad51e3333f9aF9C6B1228183"
"Gearbox crvUSD Lender ","crvUSD","66756","66756","mainnet","0xbf2e5BeD692C09aF8B39677e315F36aDF39bD685"
"Gauntlet eUSD Core","eUSD","3725961","3725961","mainnet","0xc080f56504e0278828A403269DB945F6c6D6E014"
"USDT-A yVault","USDT","6144","6144","arbitrum","0xc0ba9bfED28aB46Da48d2B69316A3838698EF3f5"
"Gauntlet USDC Core","USDC","2927776","2927776","base","0xc0c5689e6f4D256E861F65465b691aeEcC0dEb12"
"Moonwell Flagship USDC","USDC","36662189","36662189","base","0xc1256Ae5FF1cf2719D4937adb3bbCCab2E00A2Ca"
"Compound v3 USDC","USDC","479095369","479095369","mainnet","0xc3d688B66703497DAA19211EEdff47f25384cdc3"
"IndexCoop hyETH","WETH","4382165","4382165","mainnet","0xc554929a61d862F2741077F8aafa147479c0b308"
"WETH-1 yVault","WETH","2476372","2476372","mainnet","0xc56413869c6CDf96496f2b1eF801fEDBdFA7dDB0"
"EVK Vault eWETH-12","WETH","344395","344395","mainnet","0xc58Eac02905d34678f552c90De2D4c94bF987B12"
"ajna-apxeth-weth-1","WETH","33712","33712","mainnet","0xc6Ba36F68bABbecc3F5563878d997ce643564048"
"Ajna Pool UNI-V2/DAI","DAI","6612","6612","mainnet","0xc71aD394818474F87f27a5525243de52C278dcb8"
"EVK Vault eTRYB-1","TRYB","140864","140864","mainnet","0xcAd0be6e135C3d2859EA0c872cCD510C962765b7"
"EVK Vault eUSDC-19","USDC","9267530","9267530","mainnet","0xcBC9B61177444A793B85442D3a953B90f6170b7D"
"StakeWise V3 Vault","ETH","103278","103278","mainnet","0xcCa8d532e625d30514Ace25963283228F82CcdDa"
"Ajna Pool wstETH/DAI","DAI","13848","13848","mainnet","0xcD261cd365389A58e6467bb8a83A9E437864e8E5"
"Redacted pxETH aggregator","pxETH","2098640","2098640","mainnet","0xcFB23D05f32eA0BE0dBb5078d189Cca89688945E"
"Compound v2 WBTC2","WBTC","345113604","345113604","mainnet","0xccF4429DB6322D5C611ee964527D42E5d685DD6a"
"Aave v2 LUSD","LUSD","32203","32203","mainnet","0xce1871f791548600cb59efbefFC9c38719142079"
"Stablecoin Maxi USDC","USDC","1573234","1573234","mainnet","0xce45EF0414dE3516cAF1BCf937bF7F2Cf67873De"
"Aave v3 cbETH","cbETH","12690679","12690679","base","0xcf3D55c10DB69f28fD1A75Bd73f3D8A2d9c595ad"
"EVK Vault eWBTC-4","WBTC","1053","1053","mainnet","0xd005125E525664feC9394CEE5466Da15262fFe01"
"Stargate ETH","ETH","3530084","3530084","optimism","0xd22363e3762cA7339569F3d33EADe20127D5F98C"
"Aave v3 FRAX","FRAX","445287","445287","mainnet","0xd4e245848d6E1220DBE62e155d89fa327E43CB06"
" Usual Boosted USDC","USDC","366743589","366743589","mainnet","0xd63070114470f685b75B74D60EEc7c1113d33a3D"
"EVK Vault eONDO-1","ONDO","21313","21313","mainnet","0xd6506dB835B465d5d823add8667362d7b86cFe5F"
"Convex Curve Lending WETH/crvUSD","crvUSD","1981251","1981251","mainnet","0xd6Ab4Ca1fb1D3993db4d37b04621D28B669b671E"
"Compound v3 USDT","USDT","33028883","33028883","arbitrum","0xd98Be00b5D27fc98112BdE293e487f8D4cA57d07"
"Yearn v2 DAI","DAI","16569744","16569744","mainnet","0xdA816459F1AB5631232FE5e97a05BBBb94970c95"
"Yearn v3 Aave USDC.e","USDC","336451","336451","polygon","0xdB92B89Ca415c0dab40Dc96E99Fc411C08F20780"
"Gauntlet LBTC Core","LBTC","70385416","70385416","mainnet","0xdC94785959B73F7A168452b3654E44fEc6A750e4"
"EVK Vault eWETH-15","WETH","1075","1075","mainnet","0xdFD25B2304f4F08031b4125ee49ea2Df6aB8B19b"
"Gearbox USDC v3","USDC","21298233","21298233","mainnet","0xda00000035fef4082F78dEF6A8903bee419FbF8E"
"Gearbox WBTC v3","WBTC","5913939","5913939","mainnet","0xda00010eDA646913F273E10E7A5d1F659242757d"
"Gearbox ETH v3","WETH","40016116","40016116","mainnet","0xda0002859B2d05F66a753d8241fCDE8623f26F4f"
"yPT-rswETH-L2 (auto-rolling Pendle PT)","rswETH","5090","5090","mainnet","0xdc0B53cC326B692a4D89e5F4CadC29a6B7265749"
"Gauntlet USDC Prime","USDC","26016566","26016566","mainnet","0xdd0f28e19C1780eb6396170735D45153D261490d"
"OpenEden TBILL","USDC","77330693","77330693","mainnet","0xdd50C053C096CB04A3e3362E2b622529EC5f2e8a"
"EVK Vault esUSDe-2","sUSDe","18958","18958","mainnet","0xdeb244bc73c00f2C7dbb47FA4DB9674613DEc12C"
"EVK Vault ewstETH-13","wstETH","1665473","1665473","mainnet","0xe11a462235A39C90921C4a59D4E8B2707330BCf2"
"Yearn-Ajna DAI Vault","DAI","507759","507759","mainnet","0xe24BA27551aBE96Ca401D39761cA2319Ea14e3CB"
"MEV Capital WETH Borrowable","WETH","1084240","1084240","mainnet","0xe2D6A2a16ff6d3bbc4C90736A7e6F7Cc3C9B8fa9"
"EVK Vault esUSDS-2","sUSDS","253125","253125","mainnet","0xe3CA8369346A35b0633da9A4Eb48394478C8BEC2"
"Aave v3 WETH","WETH","90366162","90366162","polygon","0xe50fA9b3c56FfB159cB0FCA61F5c9D750e8128c8"
"Aave v3 WETH","WETH","456004323","456004323","arbitrum","0xe50fA9b3c56FfB159cB0FCA61F5c9D750e8128c8"
"Aave v3 WETH","WETH","74803981","74803981","optimism","0xe50fA9b3c56FfB159cB0FCA61F5c9D750e8128c8"
"yPT-weETHs (auto-rolling Pendle PT)","weETHs","71646","71646","mainnet","0xe5175a2EB7C40bC5f0E9DE4152caA14eab0fFCb7"
"Chorus One - MEV Max (StakeWise V3)","ETH","69690455","69690455","mainnet","0xe6d8d8aC54461b1C5eD15740EEe322043F696C08"
"Gearbox DAI v3","DAI","9959999","9959999","mainnet","0xe7146F53dBcae9D6Fa3555FE502648deb0B2F823"
"Spark USDT","USDT","673690","673690","mainnet","0xe7dF13b8e3d6740fe17CBE928C7334243d86c92f"
"Overnight USD+","USDC","2761343","2761343","arbitrum","0xe80772Eaf6e2E18B651F160Bc9158b2A5caFCA65"
"Euler Prime weETH","weETH","6088650","6088650","mainnet","0xe846ca062aB869b66aE8DcD811973f628BA82eAf"
"StrategyGearboxLenderWETH","WETH","342354","342354","mainnet","0xe92ade9eE76681f96C8BB0b352d5410ca5b35D70"
"ether.fi Liquid ETH Yield","WETH","99373031","99373031","mainnet","0xeA1A6307D9b18F8d1cbf1c3Dd6aad8416C06a221"
"Aave v3 GHO","GHO","3156833","3156833","arbitrum","0xeBe517846d0F36eCEd99C735cbF6131e1fEB775D"
"Hop USDT","USDT","118713","118713","optimism","0xeC4B41Af04cF917b54AEb6Df58c0f8D78895b5Ef"
"Gauntlet USDC Prime","USDC","2279690","2279690","base","0xeE8F4eC5672F09119b96Ab6fB59C27E1b7e44b61"
"Re7 wM","wM","445141","445141","mainnet","0xea0C048c728578b1510EBDF9b692E8936D6Fbc90"
"DAI+","DAI","8953","8953","arbitrum","0xeb8E93A0c7504Bffd8A8fFa56CD754c63aAeBFe8"
"yPT-wstETH (auto-rolling Pendle PT)","wstETH","1773","1773","mainnet","0xebF3581407ae0Ceb07B8149b4C3AC995a72cb589"
"Pooltogether Prize WETH - Aave","WETH","42614","42614","optimism","0xf0B19f02c63d51B69563A2b675e0160e1C34397C"
"Convex Curve Lending CRV/crvUSD","crvUSD","605125","605125","mainnet","0xf0ac58AF1ca98aFce29fAe456E853688ab9d41E2"
"Moonwell Flagship EURC","EURC","9836934","9836934","base","0xf24608E0CCb972b0b0f4A6446a0BBf58c701a026"
"EVK Vault eUSDC-16","USDC","460070","460070","mainnet","0xf2f826c190D020A6D1EC422bF2269E63b8b315E0"
"Fluid USD Coin","USDC","16163230","16163230","base","0xf42f5795D9ac7e9D757dB633D693cD548Cfd9169"
"AaveV3 DAI Lender","DAI","462214","462214","polygon","0xf4F9d5697341B4C9B0Cc8151413e05A90f7dc24F"
"Compound v2 USDT","USDT","122871614","122871614","mainnet","0xf650C3d88D12dB855b8bf7D11Be6C55A4e07dCC9"
"StrategyGearboxLenderUSDC","USDC","13192","13192","mainnet","0xf6E2d36c489e5B361CdC962D4568ceA663AD5ddC"
"Sturdy TBTC/EBTC silo","tBTC","2456391","2456391","mainnet","0xf94B349d52c542aBd8Fb612c2854974e1D72223B"
"Swell swETH","ETH","248408262","248408262","mainnet","0xf951E335afb289353dc249e82926178EaC7DEd78"
"Aave v3 Lido Market WETH","WETH","611525691","611525691","mainnet","0xfA1fDbBD71B0aA16162D76914d69cD8CB3Ef92da"
"Seamless wstETH","wstETH","1560623","1560623","base","0xfA48A40DAD139e9B1aF8dc82F37Da58cC3cA2867"
"EVK Vault eSKY-1","SKY","1010","1010","mainnet","0xfC67343ac17B158deb69de67Ba8A2eD7C47F0C74"
"Prime Wrapped Liquid Staked Ether","wstETH","2017","2017","mainnet","0xfbAdc4f18dDC7EBdBc920d3f9b0Ca7A1296788d1"
"MEV Capital M^0 Vault","wM","5999","5999","mainnet","0xfbDEE8670b273E12b019210426E70091464b02Ab"